Quote_Date,Expiration,Option_Type,Strike,Last,Bid,Ask,Volume,Quoted_IV,Source_URL,Data_Note,Spot_Mid,Market_Mid,T,Risk_Free_Rate,Dividend_Yield,BSM_Week2_Frozen_Vol,BSM_Cboe_Quoted_IV
2026-09-04,2026-09-11,call,352.5,8.23,6.7,8.45,247,0.18,https://www.cboe.com/delayed_quotes/JPM/quote_table/,Delayed Cboe listed-equity quote manually transcribed for one research snapshot; not a chooser transaction.,358.78,7.574999999999999,0.019178082191780823,0.0411,0.0233,7.779586820571524,7.616499858821669
2026-09-04,2026-09-11,call,355.0,5.77,4.7,6.95,230,0.18,https://www.cboe.com/delayed_quotes/JPM/quote_table/,Delayed Cboe listed-equity quote manually transcribed for one research snapshot; not a chooser transaction.,358.78,5.825,0.019178082191780823,0.0411,0.0233,6.023466785521805,5.832298615131322
2026-09-04,2026-09-11,call,357.5,4.21,3.9,5.25,538,0.18,https://www.cboe.com/delayed_quotes/JPM/quote_table/,Delayed Cboe listed-equity quote manually transcribed for one research snapshot; not a chooser transaction.,358.78,4.575,0.019178082191780823,0.0411,0.0233,4.511407342040684,4.303762089830258
2026-09-04,2026-09-11,call,360.0,2.98,2.77,3.25,856,0.18,https://www.cboe.com/delayed_quotes/JPM/quote_table/,Delayed Cboe listed-equity quote manually transcribed for one research snapshot; not a chooser transaction.,358.78,3.01,0.019178082191780823,0.0411,0.0233,3.259434967196654,3.0501115954165527
2026-09-04,2026-09-11,call,362.5,2.05,1.73,2.1,3387,0.17,https://www.cboe.com/delayed_quotes/JPM/quote_table/,Delayed Cboe listed-equity quote manually transcribed for one research snapshot; not a chooser transaction.,358.78,1.915,0.019178082191780823,0.0411,0.0233,2.2660057205525277,1.886937236439124
2026-09-04,2026-09-11,call,365.0,1.17,1.15,1.5,635,0.18,https://www.cboe.com/delayed_quotes/JPM/quote_table/,Delayed Cboe listed-equity quote manually transcribed for one research snapshot; not a chooser transaction.,358.78,1.325,0.019178082191780823,0.0411,0.0233,1.5126538484487355,1.3415549268737408
2026-09-04,2026-09-11,put,352.5,1.57,1.17,1.57,248,0.19,https://www.cboe.com/delayed_quotes/JPM/quote_table/,Delayed Cboe listed-equity quote manually transcribed for one research snapshot; not a chooser transaction.,358.78,1.37,0.019178082191780823,0.0411,0.0233,1.3821338168226447,1.3724189382615037
2026-09-04,2026-09-11,put,355.0,2.22,2.03,2.3,682,0.19,https://www.cboe.com/delayed_quotes/JPM/quote_table/,Delayed Cboe listed-equity quote manually transcribed for one research snapshot; not a chooser transaction.,358.78,2.165,0.019178082191780823,0.0411,0.0233,2.1240440102355933,2.1127487857070832
2026-09-04,2026-09-11,put,357.5,3.33,2.49,3.55,273,0.19,https://www.cboe.com/delayed_quotes/JPM/quote_table/,Delayed Cboe listed-equity quote manually transcribed for one research snapshot; not a chooser transaction.,358.78,3.02,0.019178082191780823,0.0411,0.0233,3.110014795217154,3.0977969814102266
2026-09-04,2026-09-11,put,360.0,4.68,3.65,4.8,788,0.19,https://www.cboe.com/delayed_quotes/JPM/quote_table/,Delayed Cboe listed-equity quote manually transcribed for one research snapshot; not a chooser transaction.,358.78,4.225,0.019178082191780823,0.0411,0.0233,4.356072648835664,4.343759052959371
2026-09-04,2026-09-11,put,362.5,6.08,4.6,6.7,36,0.19,https://www.cboe.com/delayed_quotes/JPM/quote_table/,Delayed Cboe listed-equity quote manually transcribed for one research snapshot; not a chooser transaction.,358.78,5.65,0.019178082191780823,0.0411,0.0233,5.860673630654219,5.849093746827236
2026-09-04,2026-09-11,put,365.0,7.9,6.3,8.55,1,0.19,https://www.cboe.com/delayed_quotes/JPM/quote_table/,Delayed Cboe listed-equity quote manually transcribed for one research snapshot; not a chooser transaction.,358.78,7.425000000000001,0.019178082191780823,0.0411,0.0233,7.605351987013023,7.595176138780971
2026-09-04,2026-09-18,call,352.5,9.47,8.8,10.6,25,0.2,https://www.cboe.com/delayed_quotes/JPM/quote_table/,Delayed Cboe listed-equity quote manually transcribed for one research snapshot; not a chooser transaction.,358.78,9.7,0.038356164383561646,0.0411,0.0233,9.173182972379493,9.40504737266562
2026-09-04,2026-09-18,call,355.0,7.9,7.5,8.75,170,0.2,https://www.cboe.com/delayed_quotes/JPM/quote_table/,Delayed Cboe listed-equity quote manually transcribed for one research snapshot; not a chooser transaction.,358.78,8.125,0.038356164383561646,0.0411,0.0233,7.558170243378072,7.8081165220978335
2026-09-04,2026-09-18,call,357.5,6.2,6.05,7.0,367,0.2,https://www.cboe.com/delayed_quotes/JPM/quote_table/,Delayed Cboe listed-equity quote manually transcribed for one research snapshot; not a chooser transaction.,358.78,6.525,0.038356164383561646,0.0411,0.0233,6.123098474421823,6.383446749307808
2026-09-04,2026-09-18,call,360.0,5.05,4.35,5.4,347,0.2,https://www.cboe.com/delayed_quotes/JPM/quote_table/,Delayed Cboe listed-equity quote manually transcribed for one research snapshot; not a chooser transaction.,358.78,4.875,0.038356164383561646,0.0411,0.0233,4.873163356477335,5.135383807434408
2026-09-04,2026-09-18,call,362.5,3.84,3.6,4.25,65,0.19,https://www.cboe.com/delayed_quotes/JPM/quote_table/,Delayed Cboe listed-equity quote manually transcribed for one research snapshot; not a chooser transaction.,358.78,3.925,0.038356164383561646,0.0411,0.0233,3.8071666674754,3.790164339549392
2026-09-04,2026-09-18,call,365.0,2.96,2.9,3.6,143,0.19,https://www.cboe.com/delayed_quotes/JPM/quote_table/,Delayed Cboe listed-equity quote manually transcribed for one research snapshot; not a chooser transaction.,358.78,3.25,0.038356164383561646,0.0411,0.0233,2.9177659964215366,2.9017733156135677
2026-09-04,2026-09-18,put,352.5,3.25,2.66,3.4,38,0.21,https://www.cboe.com/delayed_quotes/JPM/quote_table/,Delayed Cboe listed-equity quote manually transcribed for one research snapshot; not a chooser transaction.,358.78,3.0300000000000002,0.038356164383561646,0.0411,0.0233,2.65842418973115,3.140238627771197
2026-09-04,2026-09-18,put,355.0,4.23,3.35,4.25,170,0.21,https://www.cboe.com/delayed_quotes/JPM/quote_table/,Delayed Cboe listed-equity quote manually transcribed for one research snapshot; not a chooser transaction.,358.78,3.8,0.038356164383561646,0.0411,0.0233,3.5394734696549506,4.0570890523244145
2026-09-04,2026-09-18,put,357.5,5.35,4.2,5.55,121,0.21,https://www.cboe.com/delayed_quotes/JPM/quote_table/,Delayed Cboe listed-equity quote manually transcribed for one research snapshot; not a chooser transaction.,358.78,4.875,0.038356164383561646,0.0411,0.0233,4.600463709623938,5.138663913370095
2026-09-04,2026-09-18,put,360.0,6.55,5.9,6.9,105,0.21,https://www.cboe.com/delayed_quotes/JPM/quote_table/,Delayed Cboe listed-equity quote manually transcribed for one research snapshot; not a chooser transaction.,358.78,6.4,0.038356164383561646,0.0411,0.0233,5.846590600604657,6.38856600034859
2026-09-04,2026-09-18,put,362.5,7.88,6.6,8.45,26,0.21,https://www.cboe.com/delayed_quotes/JPM/quote_table/,Delayed Cboe listed-equity quote manually transcribed for one research snapshot; not a chooser transaction.,358.78,7.5249999999999995,0.038356164383561646,0.0411,0.0233,7.276655920527986,7.805589921654587
2026-09-04,2026-09-18,put,365.0,9.5,8.65,10.2,18,0.21,https://www.cboe.com/delayed_quotes/JPM/quote_table/,Delayed Cboe listed-equity quote manually transcribed for one research snapshot; not a chooser transaction.,358.78,9.425,0.038356164383561646,0.0411,0.0233,8.88331725839933,9.383920098384124
2026-09-04,2026-09-25,call,345.0,19.0,15.45,17.95,0,0.21,https://www.cboe.com/delayed_quotes/JPM/quote_table/,Delayed Cboe listed-equity quote manually transcribed for one research snapshot; not a chooser transaction.,358.78,16.7,0.057534246575342465,0.0411,0.0233,15.789705937196516,16.24818126565674
2026-09-04,2026-09-25,call,350.0,12.75,11.7,13.4,14,0.2,https://www.cboe.com/delayed_quotes/JPM/quote_table/,Delayed Cboe listed-equity quote manually transcribed for one research snapshot; not a chooser transaction.,358.78,12.55,0.057534246575342465,0.0411,0.0233,12.015497212112905,12.288071811712712
2026-09-04,2026-09-25,call,355.0,9.35,8.85,10.5,21,0.2,https://www.cboe.com/delayed_quotes/JPM/quote_table/,Delayed Cboe listed-equity quote manually transcribed for one research snapshot; not a chooser transaction.,358.78,9.675,0.057534246575342465,0.0411,0.0233,8.774907946705014,9.084722929484855
2026-09-04,2026-09-25,call,360.0,6.6,6.25,7.55,358,0.2,https://www.cboe.com/delayed_quotes/JPM/quote_table/,Delayed Cboe listed-equity quote manually transcribed for one research snapshot; not a chooser transaction.,358.78,6.9,0.057534246575342465,0.0411,0.0233,6.12659016671293,6.447911870898423
2026-09-04,2026-09-25,call,365.0,4.2,4.0,4.75,69,0.2,https://www.cboe.com/delayed_quotes/JPM/quote_table/,Delayed Cboe listed-equity quote manually transcribed for one research snapshot; not a chooser transaction.,358.78,4.375,0.057534246575342465,0.0411,0.0233,4.0765599234611045,4.381790030166599
2026-09-04,2026-09-25,call,370.0,2.7,2.37,3.05,49,0.19,https://www.cboe.com/delayed_quotes/JPM/quote_table/,Delayed Cboe listed-equity quote manually transcribed for one research snapshot; not a chooser transaction.,358.78,2.71,0.057534246575342465,0.0411,0.0233,2.578643161040034,2.561070097816156
2026-09-04,2026-09-25,put,345.0,2.47,2.08,2.61,91,0.22,https://www.cboe.com/delayed_quotes/JPM/quote_table/,Delayed Cboe listed-equity quote manually transcribed for one research snapshot; not a chooser transaction.,358.78,2.3449999999999998,0.057534246575342465,0.0411,0.0233,1.6755024395739753,2.381899517293988
2026-09-04,2026-09-25,put,350.0,3.7,3.4,3.9,48,0.22,https://www.cboe.com/delayed_quotes/JPM/quote_table/,Delayed Cboe listed-equity quote manually transcribed for one research snapshot; not a chooser transaction.,358.78,3.65,0.057534246575342465,0.0411,0.0233,2.889484394820272,3.7554235755122676
2026-09-04,2026-09-25,put,355.0,4.97,5.0,5.75,74,0.22,https://www.cboe.com/delayed_quotes/JPM/quote_table/,Delayed Cboe listed-equity quote manually transcribed for one research snapshot; not a chooser transaction.,358.78,5.375,0.057534246575342465,0.0411,0.0233,4.6370858097423024,5.610515579590611
2026-09-04,2026-09-25,put,360.0,7.3,6.75,8.05,19,0.2,https://www.cboe.com/delayed_quotes/JPM/quote_table/,Delayed Cboe listed-equity quote manually transcribed for one research snapshot; not a chooser transaction.,358.78,7.4,0.057534246575342465,0.0411,0.0233,6.976958710080055,7.2982804142656335
2026-09-04,2026-09-25,put,365.0,10.7,9.2,11.3,1,0.2,https://www.cboe.com/delayed_quotes/JPM/quote_table/,Delayed Cboe listed-equity quote manually transcribed for one research snapshot; not a chooser transaction.,358.78,10.25,0.057534246575342465,0.0411,0.0233,9.915119147158151,10.220349253863674
2026-09-04,2026-09-25,put,370.0,16.2,12.65,15.15,0,0.21,https://www.cboe.com/delayed_quotes/JPM/quote_table/,Delayed Cboe listed-equity quote manually transcribed for one research snapshot; not a chooser transaction.,358.78,13.9,0.057534246575342465,0.0411,0.0233,13.40539306506696,13.961521261376475
